tenure_months,monthly_charges,total_charges,contract_type,support_calls,is_senior_citizen,has_tech_support,churn
6,26.21,159.75,0,3,0,1,1
56,65.83,3571.53,1,3,0,1,1
47,32.9,1390.08,1,0,0,0,0
32,35.23,1126.38,0,1,0,1,0
31,83.23,2236.7,0,1,0,0,1
62,59.29,3693.93,0,1,0,0,0
6,112.19,651.6,1,2,0,1,1
50,51.92,2264.1,1,0,1,1,0
14,92.62,1122.8,1,3,0,1,1
6,66.11,396.73,0,1,0,0,1
38,86.0,2969.26,0,2,0,1,0
71,79.97,5836.06,0,2,0,0,0
53,67.28,3574.45,0,1,0,1,0
55,115.01,6260.0,1,0,0,1,0
52,54.27,2555.98,0,0,1,1,0
57,37.72,2132.39,0,1,0,1,0
37,87.81,3377.73,0,4,0,1,1
9,104.6,817.43,0,0,0,0,1
61,24.03,1341.58,1,2,0,1,0
32,64.96,1864.48,0,1,0,1,0
36,109.25,3652.38,2,1,0,0,0
27,94.96,2559.99,2,1,0,0,0
13,119.18,1463.89,2,1,0,0,1
67,73.14,4724.68,1,0,0,1,0
57,86.0,4474.7,1,2,0,1,1
47,50.25,2074.23,1,2,0,1,1
29,114.75,3006.25,0,0,1,0,1
60,56.63,3472.33,0,1,0,0,0
39,93.85,3552.11,1,2,0,1,1
32,60.31,1786.33,0,3,1,0,1
32,76.18,2457.22,0,0,0,0,1
16,91.98,1269.9,2,1,0,0,0
6,70.89,383.14,0,2,0,0,1
40,110.71,3967.94,0,1,0,0,0
64,61.93,4150.09,1,4,0,1,1
4,84.71,335.86,0,3,0,0,1
62,54.24,3273.96,2,0,0,0,0
60,60.82,3105.46,0,1,0,1,0
20,64.01,1135.36,2,4,0,1,0
46,32.58,1464.37,1,1,1,1,0
12,29.17,324.12,0,1,0,1,0
55,86.75,4937.56,0,1,0,1,0
51,85.55,4375.9,0,1,0,1,1
25,86.29,2026.69,0,1,0,1,0
4,21.98,87.91,0,2,0,0,1
70,52.65,3851.65,2,0,0,1,0
32,39.78,1199.38,0,3,0,0,0
65,97.82,6221.63,2,3,1,0,0
49,106.06,5372.25,0,1,0,0,0
56,44.67,2250.7,2,1,1,0,0
55,86.78,4903.26,0,4,0,0,1
14,32.94,400.98,0,2,0,1,1
26,47.52,1210.43,1,2,1,0,1
34,33.87,1159.14,0,1,1,0,0
36,48.35,1693.47,2,1,0,0,0
3,87.47,249.06,0,1,0,0,1
39,111.03,4215.29,0,0,1,1,0
11,40.25,389.77,0,3,0,0,1
54,74.21,3579.01,1,2,0,0,1
49,90.14,3992.75,0,3,0,0,1
67,115.29,7489.27,0,5,0,0,0
54,81.01,4104.98,0,1,0,0,1
26,45.51,1063.63,0,0,0,0,1
70,82.55,5931.99,0,2,0,1,1
29,52.05,1395.92,2,3,0,1,0
23,117.61,2540.58,0,0,0,1,1
66,59.97,3688.64,1,1,0,0,0
27,88.54,2118.98,0,2,0,0,1
5,22.32,111.19,0,2,0,1,1
34,60.01,1917.29,0,0,0,0,1
58,107.51,5320.52,0,3,1,1,1
13,81.02,1098.34,0,2,0,1,0
33,64.39,2152.82,0,0,0,0,0
9,113.59,1016.9,0,1,0,0,1
50,105.4,5395.52,2,1,0,1,1
34,52.22,1831.16,0,2,0,1,1
24,74.45,1639.39,0,2,0,1,0
16,68.98,1072.99,0,1,0,0,1
41,83.22,3315.67,0,3,0,1,1
48,53.41,2316.18,1,1,0,0,0
68,44.42,2701.56,0,3,0,0,1
31,111.27,3010.55,1,0,0,1,1
11,112.39,1213.87,0,0,0,1,1
60,104.33,6298.51,0,3,0,0,0
45,117.82,5313.51,2,2,0,0,1
51,94.5,4401.43,0,2,0,0,0
7,96.47,601.72,1,0,0,0,1
22,96.26,1992.19,0,0,0,0,1
56,68.06,3656.48,2,0,0,1,0
60,65.65,4072.21,0,1,0,0,0
31,44.02,1398.69,0,1,0,1,0
58,84.48,5062.57,1,0,0,0,0
61,48.93,3044.58,0,1,0,0,1
28,45.78,1336.85,0,2,0,0,0
65,78.6,4818.3,2,0,0,0,0
21,61.0,1101.01,1,2,1,1,1
17,41.89,617.21,1,2,1,1,0
49,101.61,4620.68,1,2,0,1,1
46,106.06,4398.38,2,5,0,0,1
10,36.77,325.04,2,3,0,1,0
60,20.75,1295.6,1,3,0,1,0
14,53.61,667.29,0,3,1,0,1
58,99.75,6027.77,0,3,0,1,1
0,103.92,0.0,1,1,0,1,0
58,33.83,1919.34,2,1,0,1,0
57,97.43,5471.34,0,4,0,1,1
56,31.57,1619.94,0,1,1,1,0
48,59.01,2773.81,0,2,0,0,1
34,119.86,3616.12,0,3,0,1,1
51,39.26,2077.43,2,0,0,1,0
20,35.4,644.53,0,0,0,0,0
56,62.28,3142.53,1,3,0,1,0
40,81.97,3253.33,1,1,0,1,1
33,113.29,3668.62,2,1,0,0,0
36,118.08,3996.93,0,1,1,1,1
41,26.96,1079.37,2,3,0,1,0
2,33.8,59.62,1,3,0,1,1
10,99.07,975.51,1,2,0,1,1
17,47.06,723.32,0,1,0,0,1
8,108.48,785.02,0,1,0,1,1
32,86.35,2438.35,1,1,0,1,1
48,31.18,1371.63,0,1,0,1,1
47,103.25,4446.33,0,1,0,0,1
34,37.64,1204.04,1,0,1,0,1
62,62.35,3433.07,1,3,0,1,0
41,75.22,2740.46,0,0,0,0,1
5,70.08,335.81,0,0,0,0,1
55,88.62,4268.62,0,3,0,1,0
41,85.27,3453.35,2,2,1,1,1
46,119.2,5695.89,2,1,0,1,0
41,119.94,4599.67,0,2,0,1,1
40,71.65,2952.61,0,3,1,1,0
6,29.52,154.03,0,0,0,0,0
40,92.78,3186.4,0,2,0,1,1
58,117.67,6785.78,2,1,0,1,0
22,51.83,1142.77,0,1,0,1,1
44,66.12,2963.43,0,1,0,0,0
2,62.48,107.64,0,1,0,0,0
25,25.14,631.88,0,0,0,1,0
31,87.23,2502.15,2,0,1,1,0
71,55.33,3577.49,1,3,0,1,0
15,98.75,1310.32,1,1,0,1,1
20,103.21,2165.77,0,1,0,1,1
29,102.12,2554.97,2,4,1,0,1
72,61.67,4508.63,0,0,0,1,0
62,52.15,3161.84,2,0,0,1,0
2,94.88,189.19,2,3,1,0,1
17,100.14,1689.35,0,3,0,0,1
59,69.13,4167.12,2,0,0,1,0
4,109.3,387.69,0,0,1,1,1
62,34.39,1812.7,1,2,0,0,0
20,107.91,2092.82,0,1,0,0,1
66,29.61,1799.43,0,1,0,0,0
21,35.35,649.38,0,0,0,1,0
31,73.38,2018.25,0,2,1,1,1
48,26.75,1176.59,0,0,0,0,0
9,25.28,196.59,0,1,0,1,1
40,20.05,690.83,1,0,0,0,0
36,63.63,2366.74,0,0,0,0,0
57,97.46,5068.7,0,3,0,0,0
72,23.48,1769.08,2,3,0,1,0
48,85.23,4266.44,2,1,0,1,0
29,102.31,2606.54,0,2,0,0,0
29,36.8,1059.71,0,3,0,1,1
30,34.69,1009.65,1,2,0,1,0
59,106.08,6184.43,1,3,0,1,0
23,102.31,2045.43,0,2,0,1,1
12,73.89,787.12,1,0,0,1,0
24,101.92,2116.66,0,0,0,0,1
1,29.28,28.43,0,1,0,0,1
7,59.45,435.84,1,1,0,1,0
6,93.78,553.9,1,1,0,1,1
56,45.75,2541.89,2,4,1,1,0
52,95.23,5184.29,0,0,0,1,0
50,70.42,3470.31,0,0,0,1,0
33,95.03,2690.79,0,1,1,1,0
52,66.47,3537.32,0,1,0,1,0
11,56.79,576.55,0,4,0,0,1
65,41.92,2318.46,0,0,0,1,0
36,40.84,1398.86,0,2,0,1,1
68,95.15,6712.2,1,2,0,0,0
11,31.89,316.23,0,1,0,0,1
36,28.6,976.37,0,4,0,1,0
50,37.63,1664.67,1,0,0,1,0
36,37.53,1164.01,0,2,0,0,1
32,102.31,2835.57,2,0,1,0,1
12,59.85,714.9,0,2,0,0,1
27,119.04,3287.41,0,0,0,0,1
17,33.72,503.68,2,0,0,1,0
22,85.35,1704.32,1,2,0,1,1
49,64.87,2825.82,1,2,1,1,0
46,59.29,2332.89,1,1,0,0,0
44,107.51,4544.47,0,1,0,0,1
26,117.56,3025.95,1,2,0,0,1
70,107.29,7356.91,2,3,0,1,0
6,39.23,218.34,2,1,0,1,0
25,42.08,1010.97,0,0,0,0,0
8,85.61,595.04,0,0,0,1,1
24,48.91,1033.99,1,0,0,0,0
70,93.47,6780.79,0,3,0,0,1
26,76.64,1997.23,0,2,1,1,1
66,75.09,5127.16,0,2,0,0,1
36,102.85,3826.03,0,2,0,1,1
51,91.05,4550.11,0,2,1,0,0
33,22.66,774.44,0,4,0,1,1
19,24.95,442.45,0,1,0,0,1
55,80.16,3750.67,0,3,1,0,0
70,68.62,4143.0,2,2,1,0,0
19,46.02,762.37,0,0,0,1,1
56,61.87,3011.09,0,1,0,1,1
19,95.79,1675.03,0,0,1,1,1
52,102.66,5286.29,0,0,0,0,1
57,76.12,4374.11,2,1,0,0,0
32,58.54,1813.41,2,2,0,0,0
53,47.07,2193.57,0,0,0,1,0
19,72.19,1371.03,0,0,0,0,1
5,51.47,237.01,0,1,1,0,1
7,76.41,456.03,0,2,0,1,1
32,87.67,2542.06,0,1,0,1,0
65,26.61,1584.57,0,2,0,0,1
9,20.11,163.77,0,3,0,0,1
33,41.23,1377.43,1,1,0,0,0
51,109.45,5593.03,0,0,0,1,1
14,84.63,1171.92,0,0,0,0,1
52,37.2,1698.02,0,2,0,1,0
22,109.03,2426.4,0,0,0,0,1
59,67.0,3895.43,0,2,0,1,0
42,67.61,2524.33,0,4,1,1,0
39,113.55,4338.19,0,0,0,0,1
12,25.95,294.8,0,1,0,0,0
33,41.52,1285.03,2,1,0,0,0
62,78.58,4250.42,2,5,0,1,1
1,39.55,37.72,0,1,0,1,0
55,87.95,4208.34,0,2,0,1,0
35,41.41,1279.56,1,0,0,0,1
52,29.92,1363.71,1,1,0,0,0
48,40.7,2033.35,0,1,0,1,1
31,62.27,1750.79,0,2,0,1,0
22,37.61,762.09,0,0,0,1,0
45,33.47,1377.25,1,3,0,1,1
10,106.03,1091.74,0,5,0,1,1
42,52.04,2103.92,0,2,0,1,1
6,56.08,347.86,0,6,1,1,1
47,25.53,1091.9,0,0,0,1,0
45,55.74,2189.66,0,2,0,1,0
6,46.48,268.07,1,2,0,1,1
55,81.05,4097.15,0,2,0,0,1
30,40.54,1228.83,0,3,0,1,1
57,108.84,6364.47,0,1,1,1,0
3,112.97,320.11,2,0,0,0,1
13,29.98,406.99,0,1,0,1,0
36,30.74,1063.04,0,2,0,0,0
13,31.53,370.62,0,4,0,0,0
24,81.96,1864.35,2,0,1,0,0
48,32.2,1325.29,1,0,1,1,0
10,105.24,1063.77,2,3,0,1,1
49,95.43,4069.52,1,0,0,1,0
7,101.98,650.86,0,2,0,0,1
12,72.61,839.14,0,1,0,1,0
42,119.67,4315.42,0,0,0,0,1
57,24.42,1205.23,1,1,1,0,0
12,60.13,713.78,1,2,0,0,0
21,52.39,950.96,0,1,0,1,0
67,114.86,7275.57,2,0,0,0,0
72,77.69,5133.54,0,3,0,1,0
42,100.62,3784.91,0,3,0,1,0
32,37.03,1051.96,0,1,0,0,0
25,117.86,2954.4,2,2,0,1,1
44,69.86,3197.74,2,3,1,0,0
43,69.37,2619.1,0,2,0,0,1
21,117.09,2562.01,2,1,0,0,1
1,58.07,56.27,2,6,0,1,1
11,59.75,643.01,2,0,0,1,0
69,78.48,5371.72,2,3,0,1,0
30,32.81,975.27,0,1,1,1,1
35,52.11,1849.31,1,1,0,0,0
34,39.32,1265.62,1,1,0,1,0
57,30.33,1653.9,1,1,0,0,0
4,106.61,390.09,0,1,0,0,1
6,78.93,412.51,1,1,0,1,1
20,55.87,1098.32,2,2,0,0,1
35,60.87,1825.2,0,1,0,0,1
48,63.15,2743.62,2,0,1,0,0
35,83.31,2533.42,0,1,0,0,0
32,112.68,3202.44,0,3,0,1,1
68,113.28,7531.62,0,1,0,0,0
11,59.15,634.84,1,0,0,1,1
41,52.93,2027.36,1,3,0,0,0
39,65.1,2203.85,0,0,1,1,1
34,76.79,2445.53,1,1,0,1,0
58,66.18,3533.47,0,2,0,1,0
19,85.88,1622.08,0,0,1,1,1
69,75.44,5027.36,2,1,0,1,0
24,52.07,1185.09,1,0,0,1,1
39,54.57,2016.28,1,2,0,1,0
38,57.86,2293.79,1,1,0,0,0
62,29.46,1828.82,2,2,0,0,0
32,36.61,1112.24,0,0,0,1,1
20,92.31,1746.22,0,2,0,0,1
1,58.91,50.39,0,4,0,0,1
26,41.45,1119.19,1,1,0,1,1
60,76.27,4181.89,1,2,0,0,0
0,95.55,0.0,1,4,0,0,1
65,45.74,3121.4,0,0,0,1,1
39,102.68,3979.44,0,1,0,0,1
10,112.75,969.06,1,2,0,0,1
22,79.74,1512.85,2,1,0,0,0
40,86.89,2971.99,0,0,0,0,1
23,25.26,563.51,0,3,0,0,1
7,114.55,693.05,0,0,0,1,1
48,59.25,2948.31,0,0,0,0,0
49,112.39,5712.97,0,0,0,0,1
8,77.9,597.78,0,3,0,1,1
20,20.46,398.29,1,1,1,0,0
17,23.85,368.3,0,2,0,0,1
48,88.04,3646.1,0,1,1,0,1
53,76.27,4032.17,0,3,0,0,0
53,22.65,1044.82,2,1,0,0,0
68,94.35,5563.21,0,2,0,0,1
56,105.21,5374.73,0,2,0,1,0
23,69.64,1365.46,0,1,1,1,1
7,66.58,436.61,1,1,0,1,0
44,20.55,896.55,2,0,1,0,0
66,98.66,6578.43,0,2,0,1,1
71,53.07,3658.18,0,0,0,1,0
16,107.88,1759.52,0,2,0,0,1
17,57.31,907.34,1,1,0,1,1
2,76.51,156.04,2,0,0,1,0
10,47.03,447.39,0,2,1,0,1
40,36.06,1290.38,0,1,0,1,0
39,97.49,3949.74,1,3,1,0,1
27,69.66,1702.13,1,2,1,0,1
22,73.65,1385.75,0,2,0,0,0
60,116.54,6282.91,0,1,0,0,1
33,116.36,3545.51,0,1,0,1,0
59,105.56,5731.48,1,2,0,1,0
70,38.76,2590.93,1,2,1,0,0
23,79.43,1875.53,1,1,1,1,0
14,107.81,1371.19,2,2,1,1,1
69,57.45,3782.31,0,1,0,1,0
46,30.11,1271.52,0,1,0,1,1
21,101.1,2153.58,0,1,0,1,0
45,68.18,2704.59,2,1,1,1,0
37,76.44,2462.59,1,3,0,0,1
66,118.21,7416.44,0,1,0,1,1
18,80.72,1430.26,0,1,0,0,1
72,62.5,4540.97,1,1,0,0,0
68,57.0,3751.68,1,2,0,0,0
13,61.76,806.71,1,0,0,0,1
12,31.84,354.78,0,2,1,1,1
38,99.48,3238.05,2,0,0,1,0
3,103.77,271.84,1,0,0,0,1
21,48.44,872.53,1,2,0,1,1
31,50.38,1430.26,1,0,0,0,0
70,107.43,7137.31,2,1,0,1,1
72,22.4,1485.81,2,1,0,0,0
11,72.05,762.53,1,4,0,0,1
65,66.37,4081.62,0,0,0,1,0
6,89.01,526.36,0,2,0,1,1
54,36.34,1929.77,2,1,0,0,0
61,86.83,4839.07,1,0,0,0,0
65,57.67,3445.83,0,4,0,0,0
16,81.87,1266.73,0,0,0,1,1
65,24.01,1512.72,2,2,0,0,0
8,66.17,483.27,2,0,0,0,0
37,72.23,2448.19,2,2,0,1,1
34,41.43,1392.86,0,4,0,1,0
23,33.96,765.05,1,3,0,0,1
1,38.85,34.07,2,1,0,1,1
56,54.41,2858.68,0,5,0,0,0
24,29.68,732.65,0,3,0,0,0
48,114.73,4720.97,2,3,0,1,0
29,60.5,1791.4,0,0,0,0,1
27,100.9,2404.56,1,1,0,0,1
64,117.44,7151.25,1,1,0,1,0
6,28.07,157.45,1,1,0,1,0
53,85.17,3846.05,0,0,1,1,1
54,107.14,5976.94,1,1,0,1,0
27,83.42,2119.42,0,0,0,0,0
19,62.9,1243.92,2,1,0,1,0
0,63.11,0.0,0,1,0,0,1
68,23.59,1641.42,1,2,0,1,0
69,73.46,5243.5,1,1,0,0,0
17,119.35,1950.56,0,2,0,0,1
2,115.87,206.37,0,4,1,0,1
8,24.04,189.83,1,2,1,1,1
4,90.58,347.75,0,1,0,0,1
60,50.18,3127.94,0,1,1,1,1
65,110.3,6723.95,0,1,1,1,1
11,24.51,243.65,2,1,0,1,0
54,113.59,5383.43,1,3,0,0,1
13,103.75,1334.89,0,0,0,0,1
26,31.75,862.5,2,1,0,1,0
43,25.98,955.9,0,1,0,1,0
52,103.47,5370.16,0,6,0,0,1
63,35.58,2320.86,0,4,0,1,0
3,73.49,190.7,0,6,0,0,1
14,111.57,1362.1,0,1,0,0,1
20,76.74,1516.98,1,1,0,0,0
22,59.72,1287.03,0,1,1,0,1
72,64.5,4011.33,1,3,1,0,1
56,26.31,1498.24,0,0,0,1,0
23,116.88,2566.42,0,4,0,0,1
70,51.07,3687.29,0,4,1,1,0
36,38.94,1437.72,1,0,0,1,0
36,48.6,1771.47,1,1,1,1,1
31,116.44,3440.64,0,2,0,0,1
10,29.43,264.97,0,0,0,1,1
68,106.73,6903.43,0,2,0,0,0
1,90.78,78.99,2,1,0,1,0
12,103.0,1213.47,0,3,0,0,1
16,117.59,1649.64,1,1,0,1,0
20,104.22,1984.84,0,1,1,0,0
9,114.34,885.89,0,0,0,1,1
1,32.69,29.74,1,2,0,0,1
49,99.58,4373.99,0,0,0,0,1
70,74.57,5084.22,0,1,0,1,0
8,74.35,599.18,2,2,0,0,0
21,109.89,1987.98,0,1,0,1,0
36,117.18,4303.09,0,4,0,1,1
67,90.48,6196.46,0,5,0,1,1
50,68.29,3136.06,0,1,0,1,0
55,65.64,3544.5,1,2,0,1,0
42,58.63,2291.37,0,3,0,1,0
30,56.16,1484.04,2,0,0,0,0
14,59.15,791.44,1,1,0,1,0
63,28.98,1583.41,2,2,0,1,1
58,27.74,1650.26,2,1,1,0,0
1,97.99,101.41,2,2,0,0,1
52,64.61,3407.84,1,3,0,0,1
6,113.07,652.98,0,1,0,1,1
53,81.22,4139.02,0,1,0,0,1
60,23.52,1477.42,1,2,0,1,0
9,35.75,289.44,0,1,0,1,1
31,40.58,1088.39,1,1,0,1,0
9,117.57,1018.33,0,2,0,0,1
41,41.87,1572.05,2,1,1,1,1
67,71.58,4385.66,0,2,0,1,0
5,113.62,483.69,2,0,0,0,0
29,117.72,3308.9,0,0,0,0,1
71,43.64,2797.29,0,3,0,0,0
21,24.91,464.3,2,1,0,1,0
9,35.36,273.08,2,2,0,0,1
35,26.33,850.47,1,2,0,0,0
37,39.51,1499.58,2,0,0,0,1
48,76.86,3384.3,0,2,0,0,0
22,111.24,2412.56,2,2,0,0,0
69,73.72,5093.34,0,2,0,1,1
38,82.6,2873.95,0,2,0,0,1
20,40.19,815.32,0,2,0,1,1
70,100.06,6922.78,0,4,1,0,1
67,81.78,5270.22,1,2,0,0,1
36,106.41,3256.91,1,2,1,1,0
1,114.88,98.45,0,1,0,1,1
43,54.79,2469.46,2,1,0,1,0
40,29.06,1169.91,0,1,0,0,1
10,42.59,441.88,0,0,0,1,0
46,63.78,3023.25,1,1,0,1,0
61,114.57,5969.03,0,2,0,0,0
7,57.83,408.2,0,4,0,1,1
52,97.08,4746.43,1,1,1,0,1
10,74.05,746.36,0,1,0,0,0
54,38.28,1759.83,0,1,0,1,0
30,52.07,1417.82,1,2,0,1,1
0,85.32,0.0,0,1,0,1,1
70,87.29,6162.87,2,3,0,1,0
12,63.48,741.91,1,1,0,0,1
43,42.86,1677.57,0,3,1,1,0
13,92.19,1093.09,0,1,0,1,0
68,36.89,2617.27,0,2,0,0,0
53,113.67,5650.04,1,2,0,0,1
58,38.79,2113.54,0,2,0,1,0
31,30.73,914.97,2,2,0,0,0
34,69.76,2210.32,0,4,0,1,1
46,71.95,3179.08,1,1,0,0,0
57,70.82,3780.27,0,0,1,1,0
61,63.67,3943.46,0,2,0,1,0
1,119.48,123.28,0,1,0,1,1
48,68.63,3414.22,1,1,0,1,0
7,67.79,456.91,2,4,0,0,0
21,62.18,1225.38,0,1,1,1,1
60,26.68,1586.47,0,0,0,1,0
18,79.3,1452.61,0,2,0,1,1
58,42.8,2389.55,0,2,0,1,0
33,83.76,2736.43,2,2,0,1,0
16,25.08,401.26,2,0,0,1,0
24,118.14,2793.62,2,1,0,1,0
38,66.9,2540.23,0,2,0,1,1
55,109.68,5379.27,0,0,0,1,1
44,67.56,2823.04,1,3,0,0,1
68,26.03,1712.79,0,3,0,0,0
63,102.22,5477.07,1,0,0,1,0
54,84.82,4677.35,0,4,0,0,0
44,98.18,4198.98,0,0,0,0,0
21,62.82,1155.41,2,0,1,0,0
30,83.79,2547.06,0,1,0,1,1
8,105.62,839.39,2,1,0,1,0
27,83.11,2247.69,0,3,0,1,0
67,54.77,3406.88,0,1,0,1,0
31,86.25,2729.47,0,2,0,1,1
8,87.19,650.65,0,0,0,0,1
47,116.06,5259.0,0,5,0,0,1
70,57.09,3397.37,0,2,0,0,0
63,62.51,3855.33,1,0,0,0,0
20,101.21,2011.32,2,2,0,1,0
33,70.58,2243.94,0,1,0,0,1
38,93.66,3378.68,0,2,0,1,0
18,65.97,1201.69,0,2,1,1,1
19,41.55,778.61,1,1,0,0,0
17,94.52,1455.18,1,0,0,1,0
72,33.12,2484.35,0,2,1,1,0
54,39.86,2134.04,0,1,0,1,0
61,82.68,5283.49,0,2,0,1,0
59,94.73,5836.4,0,2,0,1,1
70,109.47,7921.77,0,1,0,1,0
7,47.26,331.18,2,2,0,1,0
64,31.07,1932.58,0,0,0,0,0
4,115.6,408.96,0,2,0,1,1
34,35.44,1155.16,0,2,1,1,0
43,39.77,1715.37,1,3,0,0,0
26,49.13,1218.84,0,1,0,0,0
10,72.94,746.65,0,3,0,0,1
14,108.28,1321.78,0,1,0,0,0
60,96.05,5337.62,1,1,0,0,1
23,90.82,1986.91,0,2,0,0,1
22,37.52,773.0,2,3,0,1,0
67,55.77,3257.25,0,0,1,1,0
10,67.84,597.47,0,1,0,1,1
66,34.74,2333.02,2,1,0,0,0
67,47.34,3003.29,2,2,0,1,0
43,50.83,1879.13,0,2,0,0,1
12,32.73,335.14,2,2,0,0,0
11,75.02,779.58,0,3,0,1,1
20,90.5,1598.01,0,0,0,1,0
42,26.99,1123.41,2,0,0,1,0
11,68.11,756.0,1,3,1,1,0
33,98.22,2903.06,0,3,0,1,1
8,94.8,734.46,1,1,0,1,1
39,101.51,3487.34,0,0,0,1,1
1,64.82,59.03,0,2,0,0,1
51,102.06,5349.55,2,2,1,0,0
4,44.08,169.06,0,2,0,1,0
14,56.08,806.46,1,2,0,1,0
12,37.64,404.28,1,2,1,0,0
60,66.75,3668.6,1,3,0,0,0
3,59.21,167.72,0,2,0,0,1
31,44.09,1293.01,2,1,0,0,0
43,95.18,4295.45,1,2,0,0,0
37,51.38,1659.41,1,2,0,1,1
49,47.28,2363.96,0,1,1,0,1
58,33.09,1962.86,0,1,0,0,0
28,63.88,1718.24,0,3,0,0,0
60,50.3,2772.96,0,2,0,1,0
23,56.93,1248.96,0,4,0,0,0
71,43.6,2812.33,1,4,0,0,0
36,96.32,3501.58,2,1,0,1,0
53,113.0,5687.49,0,0,0,1,1
63,69.79,4551.4,0,4,0,0,1
57,84.3,4682.75,1,2,0,1,0
62,106.72,6304.76,0,2,0,0,0
39,119.88,4638.92,2,1,0,1,0
3,81.35,232.04,0,2,0,0,1
35,108.98,3932.17,0,0,0,1,1
13,110.86,1278.17,0,4,1,1,1
64,99.15,6629.06,2,2,0,1,0
17,66.09,1137.5,0,2,0,1,0
16,28.12,459.88,1,2,0,0,0
18,21.58,367.69,0,2,0,1,0
46,67.72,3169.45,0,2,1,0,1
41,69.43,2594.29,2,0,0,0,0
69,60.74,4201.08,0,1,0,1,0
30,76.82,2023.65,0,0,0,1,0
20,75.22,1371.13,0,5,0,1,1
3,103.66,292.06,2,3,1,1,1
0,30.87,0.0,0,1,1,1,1
27,42.52,1064.7,0,1,0,1,1
67,99.3,6746.38,2,2,0,1,0
38,104.78,3588.79,1,0,0,1,0
65,119.48,7758.87,2,1,0,0,0
7,107.29,649.45,1,2,1,1,1
6,108.99,656.0,1,1,0,1,1
60,51.43,3111.74,0,0,1,1,1
7,60.17,391.85,0,5,0,0,1
3,46.81,139.66,1,2,0,0,1
29,80.63,2415.5,1,3,0,0,1
67,113.88,7707.35,2,1,0,0,0
50,54.46,2527.19,1,2,0,1,0
7,75.7,501.73,0,0,0,0,1
61,49.63,3045.21,0,1,0,0,1
61,36.98,2049.42,1,2,0,1,0
58,39.52,2316.86,0,1,0,0,0
65,25.79,1534.89,1,3,1,0,1
17,114.93,1975.69,1,2,0,1,0
71,60.29,3712.81,0,2,0,1,0
23,103.41,2042.78,1,1,0,1,1
58,88.13,5364.74,1,2,0,1,0
42,39.19,1685.3,2,1,1,1,0
56,37.55,2158.67,0,4,0,0,1
45,101.2,4737.33,1,1,0,1,1
46,46.47,2004.37,0,0,0,1,0
44,111.33,4444.76,0,2,0,1,1
56,34.01,1668.4,0,0,0,0,0
53,87.77,4420.34,2,1,0,0,0
9,101.45,816.28,2,1,0,0,1
60,43.53,2708.72,0,0,1,1,0
39,47.62,1580.09,1,2,0,1,1
23,116.45,2353.3,0,2,0,0,1
37,46.46,1545.91,1,3,0,1,0
70,63.0,3923.98,0,3,0,1,0
62,63.25,3510.35,1,2,0,1,0
60,45.3,2666.93,0,2,0,0,0
33,97.58,2948.05,1,1,0,1,1
57,97.18,5389.73,0,1,0,1,0
28,57.83,1664.66,1,4,0,1,1
50,103.51,5022.88,1,4,0,1,0
46,41.31,1879.18,0,0,0,1,1
18,20.43,339.46,0,1,0,0,0
19,77.12,1292.3,2,0,1,1,0
4,119.41,436.62,1,1,0,0,1
10,23.86,248.83,0,1,0,1,1
31,40.8,1232.37,0,2,0,1,0
34,71.89,2213.28,0,1,0,1,0
12,100.99,1139.39,1,2,0,1,1
30,28.9,881.83,1,2,0,0,1
44,59.52,2576.16,0,3,0,0,1
16,94.71,1457.97,1,1,0,1,1
24,57.15,1408.68,1,0,0,0,0
26,38.88,995.2,1,2,0,0,0
36,39.55,1393.25,0,1,0,1,0
26,61.0,1408.29,0,1,0,0,1
53,67.94,3137.31,0,0,1,0,0
23,106.18,2547.22,0,0,0,0,1
31,84.23,2532.2,0,2,1,1,1
27,89.04,2243.34,0,0,0,0,0
13,118.3,1488.39,0,3,0,1,0
50,61.18,2637.97,1,3,0,1,1
17,60.34,1040.58,0,2,0,0,1
21,112.33,2107.3,1,2,0,0,0
57,44.59,2569.36,0,3,0,0,0
69,92.98,6138.95,1,1,0,1,0
48,95.46,4148.22,0,1,0,0,0
66,29.78,1682.53,1,1,1,0,0
62,66.82,4197.39,1,0,0,0,0
35,40.06,1241.27,0,2,1,0,0
56,38.54,1856.87,1,1,0,1,0
23,66.38,1528.53,0,2,0,0,1
33,48.94,1485.83,1,2,0,1,1
39,99.61,3604.57,0,2,0,0,0
70,110.76,6973.33,0,1,0,1,1
61,100.27,6250.03,0,0,0,1,0
35,46.6,1483.34,2,2,0,0,0
47,47.41,1987.7,0,1,0,1,0
14,45.47,580.47,1,2,1,1,1
58,33.5,1730.49,0,2,0,1,0
40,114.38,4179.59,0,2,0,1,0
38,60.2,1982.4,0,2,0,1,0
55,42.47,2059.53,2,0,0,0,0
46,104.67,4494.2,1,4,0,1,1
5,59.92,307.36,0,0,0,0,1
21,23.51,425.31,1,3,0,1,1
12,36.19,387.61,0,0,0,1,1
53,83.93,4589.16,0,1,0,1,0
2,98.29,202.08,0,0,0,1,1
14,41.09,567.14,0,2,0,0,0
43,111.74,4315.18,0,0,1,1,1
50,105.1,4907.97,1,0,0,0,0
36,104.84,3367.54,0,2,0,1,0
62,42.77,2322.18,2,1,0,1,0
67,25.05,1554.15,1,0,0,0,0
9,106.74,927.19,2,1,0,1,1
69,50.58,3217.75,1,0,0,0,0
44,81.89,3502.87,2,1,0,1,0
46,96.0,4015.25,0,1,0,1,0
6,32.83,181.06,0,0,0,1,0
45,98.08,4449.5,0,0,0,1,1
52,113.85,6072.13,2,2,0,0,1
42,92.84,3565.53,0,2,0,0,0
6,64.12,370.99,1,0,0,0,0
38,107.67,3705.36,1,0,0,0,0
68,72.75,4257.72,0,0,0,0,0
52,94.48,4901.03,2,1,0,1,0
10,102.05,902.33,0,3,0,1,1
70,94.94,6214.77,0,3,0,0,0
69,48.79,3189.46,1,0,0,1,0
12,31.78,338.23,0,1,0,1,1
58,43.83,2208.89,0,1,0,0,0
29,70.29,1874.53,0,2,0,1,1
43,70.53,3155.49,0,1,0,0,0
32,78.26,2436.77,1,2,0,1,0
57,59.51,3142.01,2,1,0,1,0
72,98.69,6095.13,0,2,0,0,1
58,111.32,6263.22,0,4,0,0,1
67,44.67,2599.18,0,3,0,1,0
69,93.65,6193.74,2,1,0,0,0
6,87.8,527.01,1,0,0,1,1
18,72.31,1216.61,0,1,1,1,0
52,38.85,1838.14,0,1,0,0,0
43,99.52,3678.01,2,1,0,1,0
3,116.06,297.68,2,1,1,1,1
6,92.18,517.69,0,3,0,0,1
37,111.79,4246.54,2,0,0,1,0
44,118.42,4683.24,0,4,0,0,1
12,55.21,639.21,0,3,1,1,0
12,83.82,992.62,1,1,0,0,0
9,67.39,522.91,0,2,0,0,1
41,118.66,4284.27,0,1,1,1,0
0,29.38,0.0,2,1,0,1,0
41,61.24,2470.71,2,3,1,0,1
34,107.55,3429.28,0,3,0,1,1
34,48.41,1640.74,1,1,1,1,1
49,98.78,4954.06,1,1,0,0,0
38,58.28,2218.35,1,1,0,1,0
53,118.0,6557.0,2,0,1,1,1
55,108.35,5964.45,1,2,0,1,0
67,50.13,3427.35,0,8,0,1,0
58,97.02,5719.86,0,4,0,1,0
37,53.69,1978.69,2,2,1,1,0
35,80.64,2851.64,2,4,0,1,0
17,85.85,1513.36,0,1,1,0,1
43,102.96,4183.96,0,1,0,0,1
10,22.45,219.48,1,1,0,1,1
67,42.02,2682.99,0,0,0,1,0
61,91.19,5675.0,0,2,1,0,0
8,76.35,571.87,2,1,0,0,1
57,69.56,4020.21,2,0,0,0,0
8,25.52,206.18,2,0,0,1,1
52,54.83,2971.98,1,4,1,1,1
6,106.51,575.02,0,3,0,1,1
35,23.09,801.62,2,0,0,0,0
48,59.64,2866.68,0,2,0,1,1
53,114.51,6295.14,0,2,0,0,1
30,25.09,776.32,2,0,0,0,0
67,94.97,6138.41,1,0,0,0,0
56,45.76,2475.0,2,2,0,1,0
15,106.66,1413.44,0,0,0,1,1
48,94.61,4745.6,2,1,0,0,0
53,108.57,5184.56,1,1,0,0,1
24,41.59,993.12,1,3,0,1,0
53,73.13,3911.39,2,1,0,0,0
65,97.93,5972.34,0,2,0,0,0
59,44.57,2346.26,1,0,0,0,0
55,43.07,2103.05,1,3,0,0,0
46,22.72,1067.38,1,0,0,0,0
19,115.85,2095.83,2,1,0,1,0
58,91.0,4581.45,1,0,0,0,1
26,83.56,2158.23,0,2,0,0,1
38,94.4,3228.6,0,3,0,1,1
22,73.16,1650.21,2,1,0,0,0
22,67.61,1356.4,2,1,0,1,0
11,64.95,635.9,2,1,0,0,0
70,84.04,5100.22,0,0,0,1,0
10,40.15,382.35,0,4,0,0,1
6,108.81,613.78,1,2,0,1,1
68,101.18,6882.05,1,1,0,1,0
40,54.96,2072.92,0,2,0,1,1
31,77.86,2217.58,1,1,0,1,0
53,34.1,1630.78,0,1,0,0,0
27,117.23,2866.51,0,3,0,0,1
9,110.29,1027.92,0,0,0,1,1
53,112.19,5250.47,0,1,0,1,1
12,53.22,669.06,0,3,0,0,0
40,36.91,1351.47,2,1,0,1,0
69,41.18,2465.44,1,1,0,1,0
68,29.0,1774.28,2,3,0,1,0
26,32.01,717.14,0,0,0,1,0
56,27.13,1531.44,0,2,0,1,0
44,118.98,4986.51,0,0,0,0,1
34,27.41,854.96,1,0,0,1,0
10,33.25,326.65,0,3,1,0,0
27,102.73,2707.5,1,2,0,0,1
47,78.02,3806.19,2,1,0,1,0
72,97.44,7312.11,2,2,0,1,1
0,83.09,0.0,0,2,1,0,1
52,108.22,5703.77,0,0,0,1,0
61,83.85,5158.25,0,1,0,0,1
69,72.21,4724.7,0,2,0,0,0
30,91.27,2713.16,1,1,0,1,1
8,64.74,448.34,0,1,0,1,0
19,54.61,1039.25,1,3,1,1,0
62,66.77,4315.13,0,1,1,0,0
64,36.97,2051.38,2,1,1,1,0
46,99.66,4663.32,2,0,0,0,0
8,46.07,382.05,0,3,0,1,1
8,35.35,253.17,2,3,0,0,0
34,44.64,1449.4,0,1,0,1,0
42,104.21,4532.51,1,1,0,0,0
2,53.02,110.5,2,2,0,0,1
50,88.6,3878.8,2,0,0,0,0
39,105.64,3789.54,2,1,1,1,0
0,27.77,0.0,0,5,1,1,1
6,96.5,517.81,2,1,0,1,1
33,50.77,1532.92,1,0,0,0,0
52,41.66,1851.46,0,0,0,0,1
60,88.89,4697.15,0,1,0,1,0
31,110.98,3311.25,1,2,0,0,1
21,49.5,1019.35,1,3,0,1,0
70,76.88,5272.8,0,3,0,0,1
33,48.98,1625.51,2,2,0,1,0
23,75.43,1618.75,1,4,1,1,1
32,82.19,2379.43,0,2,0,0,0
0,81.03,0.0,0,0,0,0,1
22,82.35,1614.82,1,2,0,1,1
37,33.51,1131.35,1,2,0,0,0
67,89.35,5301.85,1,2,0,1,0
53,87.48,3959.65,0,0,0,1,0
57,88.26,4434.62,1,0,0,0,0
39,27.41,1051.05,1,0,0,1,0
8,64.68,504.98,2,1,0,0,0
28,60.9,1768.53,0,1,1,1,0
72,28.67,2084.13,1,1,0,0,0
3,42.24,122.1,0,2,0,1,0
64,64.1,3599.9,0,5,1,0,0
49,94.29,4448.4,1,1,0,0,1
20,43.71,753.84,1,5,0,0,0
56,102.97,5398.3,0,1,1,0,0
61,74.58,4222.06,1,2,0,1,0
3,96.04,269.55,0,0,0,0,1
7,67.26,426.55,0,1,0,0,0
48,69.92,3313.09,0,2,0,0,1
72,81.97,6009.19,0,2,0,0,1
1,112.8,113.22,1,1,0,0,1
48,69.18,3239.45,2,1,0,0,0
9,72.87,628.07,1,0,0,1,0
47,80.2,3227.42,0,0,1,1,0
45,93.75,4195.91,0,0,0,1,0
6,27.19,156.45,0,1,0,0,1
49,71.57,3170.78,1,2,1,1,1
65,68.16,4056.33,0,1,0,1,0
63,112.17,7329.04,0,0,0,1,1
2,69.35,135.21,1,0,0,0,1
17,66.83,1073.83,1,2,0,0,1
17,116.22,1924.73,0,2,0,0,1
33,65.06,2002.59,0,2,0,0,0
10,38.09,359.58,1,2,1,1,0
62,41.69,2347.14,0,2,0,0,1
56,29.52,1550.58,0,2,0,0,0
59,20.06,1168.29,2,1,0,0,1
14,63.19,759.03,0,1,1,0,1
1,96.92,97.79,0,3,0,0,1
66,93.35,5585.63,0,5,0,0,1
21,23.21,480.84,0,1,0,1,1
47,77.0,3541.35,0,1,0,0,1
66,35.43,2292.84,0,2,1,1,1
2,114.11,221.74,1,0,0,1,1
0,36.74,0.0,0,2,0,1,0
0,82.66,0.0,2,1,0,1,0
11,52.62,576.77,2,2,0,0,0
3,84.16,250.23,0,1,0,1,1
59,61.23,3241.39,0,1,0,1,1
44,95.96,3828.14,1,1,0,0,0
71,43.07,2858.6,2,0,0,0,0
58,110.58,5807.8,2,1,0,1,1
70,70.02,4525.7,0,3,0,0,0
17,95.61,1508.66,0,1,0,1,0
21,104.97,2139.94,0,1,0,0,1
62,119.88,6644.55,2,2,1,0,0
17,42.39,728.45,1,2,1,1,1
4,48.69,182.59,0,1,1,1,1
48,45.04,2143.0,1,0,0,1,0
58,46.29,2325.83,0,1,0,1,1
70,78.24,5170.06,1,1,1,1,0
67,119.35,6842.11,0,0,0,0,0
8,119.03,938.13,1,3,0,1,1
56,72.68,3739.35,1,1,0,0,1
61,83.9,5321.85,1,1,0,0,1
50,106.0,4848.57,0,4,0,1,1
59,113.29,6435.2,2,3,0,0,1
61,40.39,2221.05,1,1,0,1,0
32,72.85,2270.64,0,1,0,0,1
2,103.28,194.87,0,0,0,0,1
33,50.32,1534.57,1,1,0,0,0
14,63.98,797.85,0,1,0,1,1
8,118.56,827.36,0,0,0,1,1
9,118.5,932.1,0,2,0,0,1
50,110.61,5805.96,0,0,0,0,1
36,99.84,3351.49,0,2,1,0,1
39,46.91,1555.77,1,1,0,0,0
54,52.09,2927.02,0,2,1,1,0
40,74.73,2552.76,1,0,0,1,0
45,76.08,3196.67,0,0,0,0,1
6,70.55,420.55,0,4,0,0,1
62,83.67,5358.31,0,2,0,1,1
32,60.83,1932.11,1,1,0,0,1
11,94.92,984.32,2,4,0,0,1
59,53.35,3288.94,0,0,0,1,0
53,53.07,2412.92,0,3,1,0,1
3,32.72,102.81,0,1,0,0,1
14,38.87,555.0,0,3,1,0,1
1,105.05,108.81,2,1,0,1,1
19,64.63,1106.35,0,1,0,0,0
7,42.79,263.13,2,2,0,1,0
51,95.93,4807.61,1,2,0,0,0
38,75.4,2731.03,0,2,0,0,1
71,22.12,1499.27,2,1,1,1,0
54,51.64,2885.95,0,2,0,0,0
44,37.7,1615.7,1,2,0,0,1
37,85.59,2888.82,0,2,1,0,1
3,47.5,132.53,2,5,0,1,0
5,26.49,116.12,0,4,0,0,0
44,25.49,996.46,0,1,0,1,0
0,78.17,0.0,2,4,0,0,0
3,22.17,67.31,0,0,0,0,0
15,104.88,1559.0,0,1,0,0,1
64,35.54,2174.64,1,2,0,0,0
33,80.66,2461.81,0,0,0,1,1
51,64.47,3234.37,2,3,0,0,0
30,64.29,1952.97,1,0,1,1,1
12,27.18,334.72,1,1,0,0,0
27,100.28,2597.64,0,2,0,1,1
6,109.31,665.03,0,2,0,0,1
56,21.1,1125.19,2,1,0,1,0
13,37.86,465.06,0,3,0,0,1
27,110.39,3049.34,0,1,0,1,1
71,74.95,4934.45,0,1,0,1,0
43,35.0,1398.42,0,1,0,1,1
33,40.28,1210.91,1,3,0,0,1
39,86.0,3198.85,1,0,0,1,1
57,92.48,5055.08,1,1,0,0,0
18,79.94,1413.15,2,0,0,0,0
46,115.31,4965.32,0,2,0,0,0
63,69.41,3907.42,0,1,0,1,1
41,50.03,2099.16,0,0,1,0,1
32,67.72,1991.94,1,2,0,1,0
10,55.97,579.06,0,2,0,1,1
18,42.44,681.01,1,2,0,0,0
69,24.6,1632.92,0,1,0,0,0
39,55.22,2061.67,2,0,1,1,0
21,91.14,1944.05,2,0,0,0,0
30,21.84,575.12,2,1,0,0,0
42,63.92,2770.51,0,2,0,0,1
39,84.4,3147.71,2,2,1,1,0
51,81.04,3997.57,0,2,1,0,1
18,97.66,1673.56,0,2,0,0,1
47,101.05,4071.17,0,3,0,0,1
32,91.17,2769.87,0,1,0,0,0
68,30.28,1858.72,1,3,0,1,0
11,67.5,682.01,0,5,0,1,1
10,80.34,787.19,0,3,0,1,1
33,44.56,1396.28,1,1,0,1,0
37,24.26,779.71,2,1,0,0,0
50,42.36,1831.24,1,1,0,1,0
29,65.49,1684.85,1,2,0,1,0
66,61.39,3598.66,0,3,0,1,0
34,37.67,1244.48,2,0,0,1,0
9,102.44,816.45,0,3,0,0,1
8,112.57,924.28,0,4,1,1,1
71,40.13,2541.38,0,3,0,0,0
9,112.96,882.67,1,2,0,1,0
69,21.79,1541.32,0,1,0,0,1
20,112.5,2045.4,1,2,0,1,1
6,115.19,646.27,0,1,0,1,1
22,21.21,486.13,0,3,0,1,0
44,96.3,4401.92,0,3,0,0,1
31,117.02,3602.17,0,0,0,1,1
57,110.59,5445.0,0,1,0,1,0
44,117.07,4989.69,1,2,0,1,1
29,75.03,2279.91,0,3,0,1,0
46,27.82,1330.12,0,0,0,1,0
70,104.98,6402.1,1,2,1,1,1
30,81.38,2268.53,0,1,0,0,0
11,81.47,818.3,0,2,0,0,1
29,61.73,1568.09,0,3,0,1,1
61,77.18,4656.0,0,1,0,1,0
15,35.36,479.89,0,2,0,0,1
69,93.98,5959.19,1,2,0,0,0
42,27.5,1002.62,0,3,0,0,0
43,92.98,3796.61,1,0,0,1,0
23,104.9,2127.12,0,0,0,1,1
67,67.25,4219.27,1,3,1,1,0
2,70.98,124.74,1,1,0,0,1
21,51.22,1119.47,0,2,0,0,1
30,116.95,3083.96,0,2,0,1,1
34,93.31,3027.8,0,1,0,0,0
34,56.9,1720.63,2,0,0,0,0
10,37.48,324.3,2,0,0,0,0
16,41.96,597.82,0,2,0,1,1
6,66.39,342.95,1,2,0,0,1
41,114.26,4112.57,0,3,0,0,0
25,93.41,2215.44,0,1,0,0,1
41,41.52,1668.89,1,4,0,1,0
43,105.96,3952.43,0,3,0,0,1
51,57.82,2766.59,0,0,0,0,1
39,105.17,3963.2,2,0,0,0,1
47,44.17,1861.84,0,0,0,0,1
42,81.87,3178.64,1,1,1,1,0
47,112.67,4577.25,0,3,0,1,0
45,45.79,1842.19,0,2,0,0,1
23,89.29,1937.33,0,0,0,1,1
17,118.73,2115.47,2,1,0,0,0
57,35.06,2096.85,0,2,0,1,0
25,28.84,754.11,0,1,0,0,0
40,87.42,3268.17,1,3,0,0,0
14,53.97,654.44,2,0,1,1,0
31,27.12,769.02,2,2,0,1,0
38,67.53,2303.22,1,1,0,1,0
45,95.38,3660.41,0,2,0,1,1
38,48.51,1601.98,1,1,0,1,0
26,53.5,1308.43,2,3,0,1,0
70,104.57,6719.17,2,3,0,0,0
37,72.01,2360.82,2,1,0,0,0
59,104.27,6110.22,0,3,0,1,1
53,64.64,3156.72,0,1,0,1,0
40,115.3,4705.96,1,3,0,1,0
64,85.08,4890.78,0,1,0,0,0
9,31.59,272.28,0,1,0,0,0
67,108.51,6447.39,0,0,0,0,0
62,68.93,4055.96,1,0,0,1,0
36,34.16,1082.8,2,2,0,0,0
53,35.27,1649.32,1,2,1,1,0
37,88.75,3193.27,2,0,0,0,0
19,24.74,424.35,1,3,0,0,0
58,48.66,2496.23,1,1,1,1,0
17,33.98,598.43,0,1,1,0,1
22,64.11,1210.99,1,2,0,1,1
37,61.44,2189.24,0,0,0,0,0
61,72.19,4225.92,0,1,0,1,0
28,47.96,1208.76,0,1,1,1,1
36,23.2,785.55,2,0,0,1,0
3,81.44,211.96,1,1,0,0,1
8,57.37,456.32,2,1,0,0,0
4,85.13,304.54,2,3,1,1,1
5,30.87,137.17,2,1,0,1,0
63,21.38,1229.72,0,1,0,1,0
61,44.83,2817.97,2,3,0,1,0
59,65.65,3909.35,2,0,0,1,0
4,59.41,247.0,2,2,0,1,0
5,101.03,495.25,0,1,0,1,1
20,57.78,1135.47,0,2,0,1,1
41,73.04,2832.95,2,4,0,1,0
24,79.35,1963.51,0,3,0,1,1
35,22.18,739.17,0,0,0,1,0
12,71.51,790.34,0,1,0,0,1
53,54.48,2824.13,0,0,0,0,0
22,62.13,1311.13,0,2,1,1,1
4,30.03,105.08,2,5,0,1,0
54,98.28,4927.9,2,3,1,0,0
65,114.24,6777.09,2,2,0,1,1
1,22.23,22.66,0,1,0,1,1
31,80.14,2299.92,0,3,0,1,1
60,96.38,5865.56,0,1,0,1,0
51,48.48,2320.37,0,1,0,0,0
62,98.76,6127.41,0,2,0,0,1
30,83.24,2190.19,1,1,0,0,1
27,112.92,3155.34,2,3,0,1,0
51,118.1,5698.53,0,3,0,0,1
11,24.23,240.4,0,0,0,1,1
17,64.49,984.83,0,2,0,1,1
43,74.7,2900.58,0,1,1,1,0
48,34.67,1536.59,0,1,0,1,1
8,53.63,426.25,0,5,0,1,1
37,118.76,4569.54,0,3,0,1,0
26,21.62,553.02,0,0,1,0,1
36,65.25,2253.71,2,2,0,0,0
69,104.27,6760.93,0,2,0,1,0
5,52.39,266.05,0,2,0,0,1
72,67.98,4992.12,0,0,0,1,1
32,117.8,3425.09,0,2,0,0,1
56,67.49,3933.2,1,0,0,1,0
30,33.09,922.24,2,1,0,0,0
22,25.17,559.29,2,1,0,1,0
56,114.54,6692.39,1,1,1,0,0
50,46.58,2307.41,0,1,0,1,1
10,70.41,621.23,0,0,0,0,1
51,29.07,1433.98,0,0,0,1,0
54,62.37,2942.79,0,0,0,0,0
28,113.01,3189.05,2,0,0,1,0
67,70.24,4264.95,0,2,0,1,0
46,117.11,5328.03,0,0,0,1,1
24,45.88,1136.38,0,5,0,1,0
0,70.45,0.0,0,2,0,1,0
49,105.95,4820.73,2,1,0,1,0
15,64.83,952.44,0,0,0,0,0
55,47.95,2463.01,0,1,0,1,0
38,105.55,3549.5,0,3,0,0,1
34,58.99,1716.47,2,2,0,1,0
11,73.07,748.57,0,1,0,0,1
51,117.65,5879.2,1,2,0,0,0
12,38.65,447.47,0,1,0,1,1
30,50.14,1325.57,0,0,1,0,0
61,23.11,1325.32,2,1,0,0,0
67,59.18,3663.3,0,0,0,0,1
72,40.02,2607.24,0,2,0,1,0
69,88.0,6046.83,1,1,0,0,1
40,38.13,1390.88,0,5,0,0,1
14,87.48,1173.32,0,0,0,1,0
61,46.35,2925.3,2,3,0,1,0
58,55.52,3084.45,0,2,0,0,1
72,54.89,3846.97,0,1,0,1,0
47,91.68,3725.74,0,1,0,0,1
10,66.65,590.27,1,0,1,1,1
36,56.13,1758.38,0,1,0,0,0
32,105.26,3378.3,0,2,0,0,1
61,77.2,4790.12,1,2,0,0,0
28,41.38,1028.05,1,2,0,1,0
23,110.01,2261.66,2,2,0,0,0
5,54.27,248.19,0,0,1,1,1
60,23.9,1388.42,0,3,1,0,1
55,69.46,3722.34,0,2,0,1,1
3,32.39,95.94,1,2,0,1,0
31,43.85,1401.54,0,1,0,0,1
35,94.71,3013.23,1,1,0,0,0
34,33.08,1104.2,0,0,0,0,0
67,100.69,6489.5,2,0,0,1,0
10,113.69,1035.91,2,0,0,0,1
22,80.65,1830.16,0,0,0,1,0
13,91.04,1028.59,2,1,0,1,0
17,91.36,1541.32,2,1,0,1,1
66,119.28,7837.64,0,1,1,1,0
68,54.15,3803.95,0,3,0,0,0
3,36.29,103.83,1,2,0,0,0
46,71.92,3024.88,0,2,0,1,1
16,73.32,1191.36,0,2,0,0,1
14,37.79,531.26,0,1,0,1,1
21,81.31,1622.24,2,0,0,1,0
14,21.41,300.81,0,0,0,0,0
35,112.77,3566.37,1,4,0,0,1
72,46.46,3237.75,0,1,0,0,0
42,23.96,1029.5,0,0,0,0,0
52,30.82,1464.17,2,2,1,1,0
36,44.02,1500.27,0,2,0,1,0
1,47.39,49.3,0,3,0,0,1
6,23.28,141.03,0,0,0,1,1
19,47.94,935.82,1,4,0,0,0
17,39.29,619.2,0,0,0,1,0
61,57.86,3703.47,0,1,0,1,1
61,58.52,3143.19,0,2,0,0,0
62,53.9,3187.26,0,1,1,1,1
46,52.79,2296.86,0,1,0,1,0
40,28.97,1170.02,0,1,0,0,0
47,22.52,1092.02,0,0,0,0,1
29,40.21,1161.69,0,0,1,1,1
48,95.66,4478.56,1,2,0,0,0
57,119.08,6349.67,1,1,0,0,1
55,112.85,5909.23,0,1,0,0,1
44,70.42,2949.32,0,1,0,1,0
4,73.18,250.0,0,1,0,0,1
52,51.46,2543.75,2,1,0,1,0
26,97.39,2585.81,0,1,0,0,1
54,96.48,5167.48,0,2,0,0,1
39,104.43,4110.0,0,0,0,1,0
64,109.55,6507.07,0,3,0,0,1
24,63.43,1455.03,0,1,0,1,0
67,96.69,5549.88,0,0,1,0,0
61,100.64,5688.43,1,2,0,1,0
24,50.85,1153.14,1,3,1,0,0
35,112.92,3561.1,1,3,0,1,0
38,29.43,957.58,1,4,0,0,0
56,119.43,6608.37,0,2,0,1,1
50,97.01,4545.0,2,0,0,0,1
62,29.33,1696.87,1,2,0,0,0
27,85.62,2080.56,2,3,0,1,0
36,23.42,807.34,1,1,1,0,0
31,97.02,2819.96,0,2,0,0,1
66,99.92,6230.67,0,1,1,1,0
22,80.24,1705.57,0,2,0,1,0
42,105.69,3778.75,0,1,0,1,1
8,29.79,245.84,0,2,0,1,0
62,47.59,2549.94,0,0,0,0,1
28,61.42,1616.89,0,2,0,0,1
24,24.25,518.84,2,2,0,1,0
42,64.82,2599.27,1,2,0,0,0
36,46.52,1517.37,1,2,0,0,0
61,59.27,3695.02,0,1,0,0,0
38,62.51,2207.37,1,2,1,0,1
37,107.94,3904.92,2,2,0,0,1
7,47.03,296.22,1,0,0,0,0
1,109.37,93.39,1,1,0,1,1
29,62.6,1689.83,0,2,0,1,1
72,52.78,3637.88,0,4,1,1,0
66,70.25,4367.16,1,1,0,0,0
45,61.77,2897.52,2,1,0,0,0
46,45.74,2085.88,0,1,0,1,0
28,70.27,2064.23,0,0,0,0,1
12,35.18,383.75,0,1,0,0,1
0,55.19,0.0,0,0,0,1,1
24,76.58,1766.45,2,2,0,1,0
23,61.34,1371.81,1,2,0,0,1
13,102.39,1393.86,0,2,0,1,1
18,45.67,806.27,0,0,0,1,1
1,116.98,120.46,0,2,1,1,1
44,98.47,4311.67,0,0,0,0,1
67,116.76,6848.79,0,1,1,1,1
50,103.81,5138.0,2,6,0,1,0
32,34.21,1036.55,1,1,0,0,0
30,72.65,2253.08,0,1,0,1,0
22,37.0,823.25,1,0,0,1,0
10,101.82,886.68,1,1,0,0,1
43,78.42,2956.57,0,1,0,0,1
41,46.34,1641.4,1,1,1,0,0
0,112.96,0.0,1,2,0,1,0
30,31.52,819.04,2,0,0,0,0
20,76.39,1519.76,0,1,0,1,1
12,92.1,1061.51,0,2,0,0,1
51,25.88,1342.55,0,2,0,1,0
38,79.79,2746.89,0,0,0,1,1
46,101.59,4457.37,0,0,0,1,0
52,26.75,1215.03,1,1,0,1,0
71,71.22,5192.75,0,2,0,0,1
58,45.86,2354.0,0,1,0,0,0
45,86.29,3380.09,2,1,0,1,1
64,31.87,1817.38,0,1,0,0,0
34,113.71,3909.62,0,0,0,1,0
71,109.47,6771.0,1,1,0,1,0
55,38.6,2065.44,0,4,0,1,0
47,52.33,2457.63,0,0,0,0,1
65,78.76,5120.51,1,5,0,1,1
37,91.81,3016.55,0,0,0,0,1
52,64.27,2881.92,0,2,0,1,0
20,35.63,669.67,0,1,0,1,0
70,30.42,1896.22,2,3,0,1,0
45,119.98,5344.32,0,0,0,1,1
57,65.54,3441.92,1,0,0,0,0
33,107.25,3326.44,0,3,0,1,1
63,68.24,3751.83,1,0,0,1,1
5,112.24,540.72,0,4,1,0,1
8,28.78,204.25,0,1,0,1,0
37,31.4,1145.3,0,2,0,1,1
53,112.96,5174.06,1,1,1,1,1
59,114.75,7076.12,0,0,1,1,0
32,51.47,1625.47,0,2,0,0,1
47,55.52,2312.87,0,1,1,1,0
40,65.25,2225.86,0,2,0,0,0
70,61.62,3954.92,1,3,0,1,0
47,39.0,1614.07,0,0,0,0,0
30,109.84,2944.86,0,5,0,1,1
70,45.33,3251.0,0,2,0,0,1
7,90.53,615.1,0,0,0,0,0
71,26.72,1679.5,0,3,0,0,0
11,23.88,252.52,0,1,0,1,0
21,85.37,1615.57,0,2,0,0,1
59,53.9,3323.97,2,3,0,0,0
53,85.55,3883.73,0,3,1,0,1
70,29.4,2050.72,2,1,0,0,0
54,114.99,6238.02,0,2,0,1,0
46,94.85,3767.24,0,2,0,0,1
25,107.63,2379.63,0,1,0,0,1
0,33.65,0.0,0,0,0,0,0
9,52.02,479.24,1,1,0,0,1
21,56.83,1142.59,2,0,0,0,1
2,73.72,144.65,1,0,0,0,1
37,49.69,1850.67,1,1,0,0,1
56,26.06,1482.16,0,1,0,0,0
70,56.89,3764.3,0,2,0,0,0
35,45.45,1514.01,1,3,0,1,1
63,58.59,3667.55,0,2,1,0,1
71,39.7,2544.35,0,0,0,1,0
62,46.19,2923.63,2,0,0,1,0
33,82.7,2331.08,2,2,1,1,0
23,58.82,1202.9,1,2,0,0,1
71,54.54,3911.22,0,0,1,1,0
17,73.39,1145.39,2,2,0,1,0
30,97.19,2565.72,0,1,0,1,0
5,57.89,256.84,0,1,0,1,0
57,78.75,4291.92,0,1,0,0,1
47,116.62,5586.58,2,2,1,1,0
6,72.2,374.34,2,0,0,1,0
16,110.98,1520.15,1,1,1,0,1
40,99.37,3748.37,0,1,0,0,0
39,25.87,1050.54,0,4,1,1,0
58,62.91,3305.07,0,1,1,0,0
19,89.83,1778.17,2,1,0,1,1
67,118.67,8169.83,0,0,1,0,1
32,65.84,1910.15,0,1,0,1,1
60,29.28,1780.32,1,1,0,0,1
17,76.2,1278.78,0,3,0,1,1
2,32.66,62.21,2,0,0,1,0
4,95.15,355.7,0,0,0,1,0
27,70.77,1935.82,2,0,0,0,0
69,92.34,6426.36,0,1,0,0,1
3,106.94,321.27,0,1,0,0,1
26,82.89,2262.15,0,1,0,0,1
7,81.24,537.8,0,1,0,1,1
68,95.46,6565.18,1,0,0,0,1
49,104.25,5223.16,0,1,1,0,1
55,106.91,5246.89,0,4,1,1,0
52,23.64,1055.23,1,1,1,0,1
47,75.62,3308.73,0,2,0,0,1
56,41.63,2381.05,1,0,0,1,0
0,106.03,0.0,1,1,1,0,1
63,84.84,5291.48,0,0,0,1,1
54,62.02,2851.64,1,1,0,1,0
53,38.81,1894.58,0,3,0,0,1
28,53.9,1468.61,0,0,0,1,1
58,90.38,4591.77,0,0,0,1,0
27,40.44,1123.9,2,4,0,0,1
3,29.36,77.62,1,3,0,1,1
66,108.8,7410.29,0,0,0,0,0
17,96.42,1464.21,2,1,0,1,1
7,39.98,293.53,0,2,0,1,1
45,49.23,2150.99,2,1,0,0,0
17,117.21,1727.3,1,1,0,0,1
62,90.82,4859.73,2,1,0,0,1
32,81.05,2243.42,2,1,0,1,0
0,50.76,0.0,2,1,0,1,1
69,49.91,3484.83,0,2,0,0,0
37,23.95,824.64,1,1,1,0,1
19,92.85,1656.48,2,4,0,1,1
49,24.32,1153.38,1,1,0,0,0
38,20.49,744.83,0,2,1,0,1
2,92.95,183.6,2,3,0,0,0
55,114.89,5967.35,0,1,0,1,1
29,95.65,2753.8,0,1,0,0,1
51,67.16,3594.58,0,2,0,1,1
65,68.6,4102.55,0,3,0,1,0
44,63.61,2385.85,1,0,0,0,0
49,52.46,2249.54,0,0,0,1,0
18,72.17,1248.01,1,2,0,0,1
17,63.12,985.96,2,5,0,0,0
30,79.82,2485.59,0,0,0,1,1
62,109.81,6641.35,1,3,1,0,0
38,119.5,4332.44,0,2,0,1,1
25,27.87,703.44,2,1,0,1,0
56,58.47,2952.51,2,2,0,0,1
62,38.07,2393.26,0,2,0,1,0
65,55.21,3052.55,1,2,0,1,0
21,48.75,997.07,0,3,0,0,0
51,37.45,1980.53,0,1,0,1,0
43,96.41,4177.02,1,0,1,1,1
32,69.63,2274.34,0,3,0,0,1
28,111.92,2912.49,1,2,0,0,0
8,23.26,188.84,0,3,0,0,1
20,26.7,512.73,0,1,0,0,0
40,60.33,2349.75,2,0,0,0,0
64,28.03,1545.97,0,0,1,1,1
63,46.27,2595.26,1,1,0,1,0
13,118.6,1480.43,0,2,0,1,1
49,40.9,1727.05,2,2,0,0,0
6,39.81,238.45,1,0,0,0,0
49,77.36,3858.91,0,3,0,0,0
24,69.8,1732.28,0,3,0,0,1
32,78.04,2173.52,0,3,0,1,0
52,57.67,3112.63,2,1,0,0,0
31,102.68,2748.67,0,1,0,1,1
58,33.86,1855.5,0,2,0,0,0
38,62.84,2431.02,1,2,0,1,1
72,88.98,5535.67,0,4,1,1,0
46,106.82,4194.58,0,0,0,1,1
21,56.96,1022.7,0,1,0,1,0
56,76.77,4093.85,0,0,0,1,0
29,26.91,790.0,1,2,0,1,0
38,37.03,1231.93,2,2,0,0,0
9,26.91,211.9,2,0,0,0,1
8,92.79,715.38,2,1,0,1,1
41,48.81,1794.8,0,2,0,0,1
13,92.37,1196.06,0,1,0,1,1
72,26.64,1994.66,1,2,0,0,0
62,106.25,6608.62,2,2,1,1,0
51,103.55,5415.37,1,2,1,0,0
53,28.89,1460.61,0,0,0,1,1
43,22.38,978.18,1,3,0,0,0
4,25.63,90.89,1,2,0,0,0
28,105.36,2547.89,2,4,1,1,1
36,43.47,1535.48,1,2,0,0,0
66,74.83,4249.28,0,0,0,0,0
16,62.62,1030.47,0,3,0,1,1
36,99.55,3541.91,0,1,0,1,1
25,68.89,1791.9,0,0,0,0,1
9,70.07,575.62,2,1,0,1,0
7,118.91,788.45,0,2,0,0,1
26,35.01,908.75,0,0,1,0,0
6,103.07,555.68,0,1,0,1,1
4,25.17,96.49,1,0,1,0,1
25,67.76,1663.33,0,1,0,0,0
14,108.63,1590.42,0,2,1,0,0
40,86.52,3457.13,2,2,0,1,1
1,88.52,77.33,0,0,0,1,1
22,46.33,963.27,0,1,0,0,0
33,61.86,1975.55,0,1,1,1,1
70,56.66,3487.58,1,2,0,1,0
46,72.14,3107.36,1,2,0,0,0
64,66.22,3843.1,2,3,0,1,0
25,52.69,1150.97,0,0,0,0,1
32,50.55,1540.62,2,1,0,0,0
30,45.09,1194.61,1,0,0,0,0
64,56.5,3500.68,0,1,0,0,0
70,34.99,2165.03,0,2,0,1,1
70,107.21,7465.07,0,2,0,1,0
54,80.21,3850.77,2,0,0,1,0
36,33.38,1236.84,0,3,0,0,1
39,89.39,2981.55,0,0,0,0,0
71,104.77,7099.46,1,1,0,0,0
20,43.75,799.77,2,2,0,0,1
25,35.06,784.48,1,1,0,1,1
65,20.86,1280.4,1,1,0,1,0
28,24.73,705.18,0,3,0,1,1
17,96.23,1689.99,2,1,0,1,0
40,118.72,4324.49,0,0,0,0,1
23,24.49,496.16,0,2,0,0,0
65,94.81,6125.85,2,2,1,0,0
66,27.19,1734.24,0,1,0,1,1
22,79.21,1551.29,0,0,0,0,1
38,95.61,3640.66,1,2,0,0,1
71,55.92,3786.84,0,2,0,1,0
54,21.09,1116.86,0,3,0,0,0
15,79.52,1099.6,1,2,1,1,0
43,119.12,4803.66,1,0,0,0,0
45,45.76,1824.59,1,0,0,1,1
47,38.95,1833.04,0,3,0,0,0
1,32.39,28.55,1,0,1,1,0
21,75.53,1595.11,2,0,0,1,1
62,79.64,4985.09,0,3,0,0,0
17,99.23,1685.76,0,2,1,1,1
21,95.31,1709.06,0,0,1,1,1
23,109.25,2273.1,0,5,0,1,0
12,100.58,1138.97,0,2,0,1,1
11,44.73,476.83,1,2,0,1,1
25,75.59,1953.71,2,2,0,0,0
63,49.74,2898.98,0,2,0,0,0
0,52.98,0.0,1,2,0,0,0
20,113.19,1998.22,0,3,0,1,1
4,88.19,326.04,0,0,0,1,1
40,117.46,4042.77,1,1,0,1,1
18,61.69,1108.75,0,2,0,0,1
57,73.74,3699.35,2,3,0,1,0
42,68.71,2601.29,0,1,0,1,0
57,30.73,1760.45,0,3,0,0,0
46,43.67,1922.33,0,3,0,1,1
32,72.76,1985.58,0,1,0,0,1
62,26.74,1409.94,2,2,1,1,0
34,113.15,3662.95,1,3,0,0,1
69,32.38,2035.35,0,1,1,1,1
72,39.8,2539.1,0,2,0,0,0
42,96.53,3943.65,1,2,0,0,1
49,29.69,1303.05,1,0,0,1,0
18,110.03,1918.04,0,2,0,1,1
59,92.57,5056.67,0,1,0,0,0
49,26.86,1167.88,0,3,0,0,0
65,89.18,5087.31,0,1,0,1,1
19,83.16,1417.88,0,2,0,1,1
57,95.73,4670.67,0,2,0,0,0
34,102.82,3186.93,0,1,0,0,1
13,91.84,1230.2,0,5,0,0,1
12,78.62,958.79,0,0,0,1,0
41,52.25,1980.3,2,4,0,1,0
23,89.73,1991.9,1,0,0,1,0
7,115.7,780.32,0,1,0,0,0
31,78.75,2479.69,0,1,0,1,0
47,86.43,3644.85,0,1,0,0,1
23,63.71,1332.39,2,3,0,1,1
69,95.61,6005.71,1,3,0,0,1
56,119.77,5755.88,0,1,0,0,1
37,36.04,1217.38,2,2,0,0,0
68,40.24,2806.32,2,2,0,0,0
31,73.94,2366.4,2,1,0,0,1
10,68.14,594.13,0,3,0,1,1
2,77.16,145.31,0,5,0,1,1
68,24.91,1568.99,1,2,0,1,0
70,60.43,4009.59,0,1,0,1,0
53,78.3,3987.82,1,2,0,0,1
7,78.52,469.42,1,1,0,1,1
21,85.73,1833.54,0,3,0,0,0
2,92.02,192.27,0,0,1,0,1
3,84.15,247.57,0,3,0,0,1
17,99.02,1653.19,0,1,0,0,1
41,82.48,3231.52,1,0,0,1,0
4,73.75,270.47,1,0,0,0,0
71,80.62,5035.97,0,0,0,0,1
33,30.12,960.97,1,0,1,1,0
19,47.32,772.3,0,2,0,0,1
37,72.74,2731.48,1,3,0,1,0
57,107.3,5713.55,0,0,0,0,1
22,87.91,1804.35,1,1,1,1,1
3,29.04,79.75,1,4,0,1,1
3,79.23,248.12,0,5,0,0,1
62,42.17,2313.82,1,0,0,1,0
8,93.4,657.73,2,1,0,0,1
46,102.74,4173.6,0,0,0,0,1
28,79.35,2181.15,1,3,0,1,0
56,79.14,4646.25,2,2,0,1,0
4,53.86,193.27,2,1,0,0,1
65,64.63,4331.7,0,3,0,0,0
50,106.41,4818.9,1,3,0,0,0
32,92.33,2894.23,2,0,0,1,1
15,71.98,926.49,1,1,0,1,0
71,56.82,3829.0,0,2,0,0,0
22,25.04,540.37,0,1,0,1,1
35,34.3,1149.2,1,1,0,0,0
28,39.3,987.68,0,0,0,1,0
16,57.34,931.84,0,6,0,1,1
30,114.41,3583.41,0,0,0,1,0
11,70.52,730.6,1,2,0,0,0
0,43.48,0.0,0,1,0,0,1
21,30.58,647.37,2,2,0,0,1
8,53.83,386.84,1,2,0,1,0
30,101.57,3116.85,2,3,0,1,1
62,58.33,3276.66,2,2,0,0,0
11,97.25,1075.28,0,1,0,0,1
0,100.27,0.0,1,1,1,0,1
8,31.08,225.68,0,3,0,1,0
37,80.87,2862.7,2,2,0,1,0
20,115.91,2213.84,0,1,0,0,1
35,60.21,2149.68,1,2,0,1,0
2,25.09,52.65,2,1,0,0,0
24,112.33,2349.34,0,2,0,1,1
29,108.37,2841.9,2,1,0,0,0
31,72.21,2062.83,0,1,0,0,1
40,75.23,2846.05,0,2,0,1,1
56,41.17,2187.44,0,2,0,1,0
34,101.95,3539.92,0,1,0,0,1
61,69.86,4278.98,1,2,0,1,1
38,23.39,758.85,2,1,0,1,0
19,88.3,1578.72,0,0,0,0,1
16,115.05,1792.23,1,0,0,1,1
23,102.92,2230.05,2,4,0,1,0
43,47.72,1797.78,1,1,0,0,0
17,25.33,400.25,0,3,1,1,0
66,114.04,7017.32,2,1,0,1,0
35,113.71,3532.29,0,0,0,0,1
63,73.24,4619.94,1,2,0,1,0
49,84.23,3773.48,1,1,1,0,1
24,66.26,1539.03,1,2,0,1,1
16,61.98,945.22,0,1,1,1,1
54,31.94,1768.72,0,0,0,0,0
24,29.68,622.85,1,0,1,1,0
18,43.27,679.83,0,2,0,0,1
67,103.66,6320.59,0,2,0,1,1
35,34.58,1133.13,1,0,0,1,1
3,42.67,116.45,1,1,0,0,0
36,74.86,2702.07,0,3,1,1,1
33,41.51,1231.55,0,2,0,0,1
63,36.32,1983.73,2,1,0,1,1
51,76.33,3631.08,0,1,0,1,1
13,56.81,741.98,0,2,0,1,1
10,82.62,842.82,0,3,0,0,1
44,111.22,4877.38,0,1,0,1,0
3,35.1,101.25,2,2,1,1,1
23,111.34,2547.6,0,2,1,1,1
10,110.25,1087.37,0,2,0,1,1
1,102.91,92.3,0,2,0,1,1
67,83.13,5347.77,0,3,1,0,1
6,82.01,494.09,0,2,1,0,1
0,83.92,0.0,2,1,0,1,0
68,89.05,5939.1,1,0,0,0,0
13,21.65,266.34,0,0,0,1,0
59,115.81,6495.47,0,3,0,1,0
2,78.56,136.38,0,1,0,1,0
11,98.15,1061.56,0,2,0,1,0
8,57.73,472.53,1,1,0,1,0
51,21.24,951.39,0,1,0,1,0
45,70.97,2948.45,1,4,0,1,0
34,70.72,2067.21,2,2,0,0,0
17,63.7,926.88,0,0,1,0,0
6,53.97,339.34,2,1,0,0,0
41,44.98,1749.56,0,4,0,1,1
16,72.75,1072.16,0,1,1,0,1
43,57.53,2238.72,2,0,0,1,1
50,116.99,6118.59,0,0,0,1,1
62,37.29,2081.82,1,1,0,0,0
36,51.97,1861.83,1,1,0,1,1
0,49.4,0.0,0,0,1,0,1
20,74.33,1284.57,2,1,1,1,1
62,69.93,4277.8,0,4,0,0,0
38,84.37,2726.2,2,4,0,0,0
45,115.0,5098.15,0,1,0,0,0
33,48.52,1441.16,0,3,0,1,1
11,89.28,981.31,0,1,0,0,1
65,22.5,1468.28,2,3,0,1,0
56,46.24,2576.03,0,1,1,1,1
72,66.37,4085.24,2,2,0,0,0
62,23.1,1418.95,0,0,0,0,0
21,81.77,1799.64,0,2,0,0,0
18,87.83,1420.51,0,4,0,1,1
18,94.67,1541.91,0,5,0,1,1
67,71.66,4862.22,2,2,0,0,0
40,80.39,2836.41,0,5,0,1,1
33,59.61,1931.95,1,1,0,0,0
70,24.13,1690.8,1,0,0,1,0
44,30.0,1131.81,0,3,0,0,0
66,85.5,5421.53,1,3,0,0,0
71,119.56,8193.14,2,3,0,0,1
5,21.58,98.26,1,1,0,1,1
26,75.76,2019.53,0,1,0,1,1
53,95.1,4448.32,1,2,0,0,0
59,102.68,5590.67,1,1,0,0,0
10,74.52,759.91,0,0,0,1,1
23,81.99,1674.81,1,1,0,0,0
40,89.67,3638.0,0,0,0,1,0
58,105.9,5318.0,1,3,0,0,0
8,32.23,244.39,2,2,0,0,0
43,112.62,4189.22,2,3,1,1,0
21,22.6,467.76,2,3,0,0,1
15,103.62,1566.92,1,3,0,1,1
37,27.67,1044.24,1,2,1,0,0
30,39.46,1238.55,0,4,0,0,1
46,20.39,923.31,0,3,0,1,0
23,64.53,1489.85,0,0,0,0,1
60,53.44,3049.77,0,4,1,1,1
5,36.6,188.96,2,1,0,1,0
62,65.11,3951.04,2,0,0,1,0
2,60.24,123.7,0,3,1,0,1
53,96.77,4601.01,0,2,0,0,1
25,109.31,2594.33,1,3,0,0,1
27,85.26,2292.73,0,3,0,1,0
1,32.44,28.89,2,1,0,0,0
51,49.54,2254.35,2,3,0,0,0
12,111.33,1396.89,0,1,1,1,1
48,28.87,1298.35,0,0,0,0,0
52,60.69,2797.26,0,2,0,1,0
61,114.25,6385.87,0,2,0,0,1
51,115.07,5454.69,0,2,0,1,1
22,61.12,1310.51,0,2,1,1,1
53,86.74,4756.3,0,1,0,0,1
60,65.67,4126.64,0,2,0,1,0
23,95.35,2149.93,0,1,1,1,1
9,23.16,206.35,1,1,1,0,0
64,34.42,2014.24,0,3,0,1,1
10,81.42,831.65,2,0,0,1,0
43,43.26,1662.18,0,1,0,1,0
17,86.61,1282.84,0,3,0,1,1
9,55.12,518.23,0,1,0,0,1
56,108.66,6223.87,1,4,1,0,0
10,101.93,928.31,0,1,0,0,1
48,69.28,3275.67,0,2,0,0,0
50,97.29,4589.19,0,1,0,0,1
4,47.11,172.35,2,1,0,0,0
12,69.43,755.97,0,2,0,0,1
57,39.75,1987.53,0,3,0,1,0
37,106.09,3767.78,2,2,0,0,0
8,102.31,768.81,0,1,0,1,1
72,110.21,7557.7,0,1,0,1,1
19,107.75,1828.34,2,2,0,1,0
0,115.96,0.0,0,0,0,0,1
67,42.83,2805.67,0,1,0,1,0
1,113.18,116.57,0,4,0,1,1
40,77.12,2689.5,0,2,0,1,0
72,62.25,4368.02,2,0,0,0,0
42,76.04,3257.21,1,0,0,0,1
42,54.26,2087.91,1,1,0,1,0
28,48.86,1216.26,0,1,1,0,1
9,44.13,358.65,1,6,0,1,1
41,28.24,1047.37,1,1,0,1,0
65,69.66,4253.69,0,1,0,1,1
6,108.78,597.33,2,0,0,1,0
64,83.02,4804.56,1,1,0,1,0
30,72.1,2119.1,1,0,1,1,0
39,62.86,2109.81,0,0,0,1,1
12,66.44,731.96,0,1,0,0,1
45,40.93,1819.66,1,0,0,1,0
13,102.29,1177.07,1,1,0,1,1
19,39.84,676.86,0,0,1,1,1
52,91.66,4242.66,0,0,0,0,0
3,96.0,244.85,2,2,0,0,1
32,77.49,2342.69,0,1,1,1,1
43,106.29,3920.51,0,1,1,0,0
9,49.11,399.82,1,3,0,1,1
21,108.16,2382.57,0,3,0,1,1
25,92.94,2401.75,0,4,0,0,1
48,99.87,4280.9,0,3,1,0,0
71,86.46,5598.46,2,1,0,1,0
61,104.63,6016.98,0,2,0,0,1
13,119.31,1580.32,1,2,0,1,0
1,62.02,62.67,2,0,0,1,1
3,101.39,266.22,1,1,0,1,1
43,94.46,3553.61,0,0,0,0,1
11,65.29,670.32,0,3,0,0,1
16,112.69,1846.35,0,0,0,1,0
61,59.44,3721.62,1,0,0,0,0
63,76.55,4202.81,2,0,0,0,0
61,30.59,1800.42,1,0,0,1,0
18,42.58,675.34,0,1,0,0,1
45,104.07,4623.33,0,1,0,0,0
44,59.66,2712.42,2,0,0,1,0
13,59.41,726.73,0,0,0,0,1
40,44.6,1546.04,2,3,0,0,0
38,69.16,2538.33,0,2,0,0,1
28,100.58,2623.9,1,0,0,1,0
54,109.52,5986.11,2,0,0,1,0
49,27.01,1215.05,0,0,0,1,1
38,77.48,3017.79,0,2,0,1,1
52,66.73,3139.41,2,2,0,0,0
55,81.43,3947.95,0,0,0,1,0
41,64.73,2418.52,0,1,0,0,1
19,59.86,974.68,0,1,1,1,1
55,67.19,3349.0,0,3,0,1,1
52,78.2,3993.3,1,1,0,0,1
71,70.1,4372.17,0,3,0,1,0
10,67.21,586.25,0,2,0,1,1
30,101.78,2676.24,2,1,0,0,1
67,94.56,5483.46,0,3,0,1,0
37,54.14,2053.11,0,1,0,1,1
68,100.06,7068.23,1,1,1,0,1
0,105.37,0.0,2,2,0,0,1
2,35.35,70.84,1,0,0,1,0
58,78.27,4527.99,2,1,0,0,0
26,48.53,1324.09,0,1,1,0,1
37,93.92,3195.56,0,1,0,1,1
31,43.88,1233.91,2,3,0,1,0
29,87.14,2376.99,2,0,0,0,0
68,45.51,3160.64,1,0,0,0,0
6,71.11,424.83,0,2,0,1,1
56,114.86,6074.05,0,0,0,0,0
64,58.13,3344.24,0,1,0,1,0
47,107.57,5032.55,2,1,0,1,0
28,118.69,3392.8,2,0,0,0,0
11,107.49,1099.61,0,1,0,1,0
49,36.59,1763.72,0,0,0,1,0
34,101.97,3224.44,0,1,1,1,1
10,23.21,219.5,0,0,1,0,1
26,59.33,1473.14,1,2,0,0,1
70,107.07,7533.46,1,3,0,1,0
19,88.88,1765.56,0,1,0,1,1
13,73.27,894.29,1,2,1,1,0
49,58.79,2645.83,2,3,0,0,0
14,101.23,1310.53,0,3,0,1,1
67,90.96,5343.36,0,5,0,0,1
62,66.84,3768.58,0,1,0,1,0
71,109.25,6727.35,0,1,0,1,1
66,42.99,2654.56,0,2,0,1,0
17,37.04,556.3,1,0,0,0,0
15,84.28,1162.16,0,0,0,1,1
25,117.2,2955.54,0,1,1,0,1
34,44.73,1367.5,2,1,0,0,0
64,44.97,2798.58,0,1,0,1,0
53,33.95,1853.76,1,2,0,1,0
47,106.06,4802.3,1,2,0,1,0
64,42.64,2425.39,2,4,0,1,0
47,70.32,3037.18,1,1,0,0,1
27,119.09,3112.77,2,0,1,0,1
30,21.21,605.33,1,1,1,1,0
37,75.65,2462.39,0,1,0,1,1
6,71.23,401.46,0,1,0,1,1
54,100.74,5214.82,0,1,0,0,1
47,55.53,2357.97,0,3,0,0,1
53,61.03,3145.6,0,2,0,1,0
38,36.79,1207.93,0,1,1,0,1
57,94.08,4919.19,0,0,0,1,1
69,98.47,6868.19,0,1,0,0,1
41,33.67,1244.99,0,2,1,0,0
32,59.35,1844.19,1,0,1,0,0
7,109.29,713.01,1,3,0,0,1
56,20.27,1036.7,2,2,0,1,0
65,49.88,3349.93,0,3,0,0,0
51,75.5,3537.27,2,1,0,0,0
63,53.41,3019.38,1,1,0,1,1
62,47.2,3019.64,0,0,0,0,1
58,66.0,3824.89,2,2,0,1,0
36,38.15,1354.67,0,1,0,0,0
7,72.96,439.17,1,0,0,0,0
0,90.67,0.0,1,2,0,0,1
14,77.53,1061.18,0,1,0,1,1
31,29.31,810.38,1,1,0,0,1
54,104.44,5048.3,0,1,0,1,0
33,37.5,1244.71,0,2,1,1,1
1,96.48,87.53,0,4,0,0,1
15,56.06,726.8,0,3,0,1,1
71,98.28,5982.04,0,0,0,0,1
72,40.63,2745.85,1,2,1,0,0
27,38.67,1016.34,0,1,0,1,0
58,69.7,4138.72,0,0,0,0,0
52,23.29,1056.26,1,0,1,1,0
67,42.53,2534.17,0,0,0,1,1
64,92.4,5653.17,0,5,0,0,1
45,103.74,4308.01,1,3,0,0,0
28,28.08,744.18,2,1,1,1,0
45,108.21,5039.03,0,0,0,0,1
23,99.75,2200.14,0,2,0,0,0
25,106.97,2495.14,1,0,0,0,0
44,89.84,4142.26,2,1,0,0,0
41,87.42,3093.34,0,0,0,1,1
42,72.51,3156.34,0,3,0,0,1
28,85.28,2269.24,0,1,0,0,0
29,111.91,3085.56,1,2,0,1,1
0,30.05,0.0,2,1,0,1,1
43,51.58,2110.29,1,0,1,1,0
42,27.25,1073.18,0,1,0,1,0
68,114.48,7041.19,1,1,0,0,1
36,64.53,2280.71,2,4,0,0,0
34,87.53,2868.67,0,0,0,1,0
4,104.11,371.83,2,1,0,0,0
14,119.1,1653.87,0,0,0,1,1
24,36.18,849.93,0,0,0,0,0
27,99.95,2508.31,1,1,0,1,1
26,108.74,2405.64,0,1,0,1,0
28,24.89,654.63,2,1,0,1,0
56,95.41,4547.99,0,3,0,0,0
9,55.47,431.83,0,3,0,1,1
24,84.86,1906.54,0,0,0,1,0
11,71.4,680.46,0,0,0,1,0
22,45.97,915.4,0,0,0,1,1
49,33.52,1611.43,1,0,0,0,0
3,31.69,86.68,0,0,0,0,0
24,30.33,763.97,0,5,1,0,1
1,83.78,86.57,1,1,0,1,0
69,55.14,3679.34,0,3,0,1,0
53,41.66,2303.78,1,1,0,0,0
17,89.19,1552.02,0,0,0,1,1
14,88.68,1134.48,0,0,0,0,1
7,73.92,517.4,1,0,1,1,1
34,113.5,3385.76,1,2,0,0,1
55,58.54,3177.56,2,2,0,0,0
42,103.59,4125.48,0,2,0,0,0
64,27.51,1502.47,0,2,0,1,0
25,93.98,2125.94,1,1,1,1,1
20,118.84,2474.43,1,2,1,0,1
34,104.66,3249.45,1,2,0,1,1
14,77.97,967.46,1,1,1,1,0
71,82.68,5209.91,1,2,0,0,0
13,55.33,680.34,0,2,0,1,1
34,87.95,3045.71,1,1,0,0,0
38,97.04,3693.42,0,2,0,1,1
4,119.82,449.26,0,3,0,1,1
34,69.25,2099.61,1,0,0,0,0
33,26.13,740.89,0,0,0,1,0
18,79.59,1350.28,0,1,0,0,1
9,31.9,290.82,2,1,0,1,0
3,44.48,132.9,1,0,1,1,1
0,52.88,0.0,0,3,0,0,0
35,93.1,3157.29,2,2,0,1,0
6,38.38,215.83,0,2,0,0,1
70,36.58,2473.04,1,1,0,1,0
17,24.5,397.13,0,0,0,1,1
47,107.32,4974.4,0,2,0,1,1
49,89.35,4165.99,0,2,0,1,0
36,23.99,896.56,0,4,0,1,0
64,22.83,1367.03,0,1,0,0,0
8,75.87,517.85,0,0,0,0,1
17,48.25,735.99,1,1,0,1,1
18,79.67,1362.53,0,2,0,0,1
9,63.46,547.22,0,4,0,0,1
21,112.33,2265.7,2,0,0,0,1
22,48.78,1065.55,1,1,1,1,0
55,87.91,4375.38,2,2,0,1,0
22,25.41,549.51,0,2,0,0,0
63,115.59,7215.22,0,3,0,0,1
56,118.08,6164.53,1,0,0,1,0
65,93.91,5679.51,1,0,0,0,0
7,66.52,412.46,0,1,0,1,1
71,42.0,2781.6,2,3,0,1,0
44,101.25,4487.8,1,1,1,1,0
71,93.64,6859.82,1,1,0,0,1
25,42.2,1022.0,0,1,0,1,0
69,65.12,4088.32,1,2,1,1,1
42,66.28,2746.06,0,0,0,0,1
5,102.64,512.19,2,2,0,1,0
29,88.38,2348.86,0,0,0,0,1
10,84.32,856.11,0,0,0,1,0
68,84.98,4997.02,0,1,0,1,0
22,47.05,882.06,1,2,0,0,0
16,57.17,800.01,2,1,0,0,0
40,24.57,866.05,2,1,0,0,0
31,98.69,3138.28,1,2,0,0,1
7,63.3,414.3,2,2,1,1,0
59,63.82,3407.62,1,0,0,0,0
61,44.54,2542.55,0,2,0,1,1
54,40.94,2053.73,1,2,1,0,1
45,78.78,3227.08,0,0,1,1,1
29,43.26,1100.96,0,2,0,1,0
39,26.42,1010.99,0,4,0,1,0
38,96.75,3225.47,0,2,0,1,0
12,57.65,695.32,2,0,0,1,1
5,58.02,258.29,2,1,0,1,0
18,63.13,1132.11,0,2,0,1,1
33,101.5,3386.74,1,2,0,0,0
11,52.08,501.31,0,0,0,0,0
7,95.8,581.64,0,1,0,0,0
62,113.95,7346.89,0,1,0,1,1
27,86.09,2191.03,0,3,0,1,1
42,63.17,2589.59,0,2,0,1,1
38,94.78,3078.15,0,3,1,1,1
53,65.79,3158.2,0,2,1,0,0
54,61.44,3155.45,0,1,0,1,0
21,72.53,1564.63,2,0,0,0,0
61,51.77,2855.71,0,2,1,0,1
27,30.43,825.75,0,1,1,1,0
60,61.49,3624.62,0,5,1,0,0
29,32.39,820.07,0,1,0,1,0
8,61.04,443.72,0,1,0,1,1
55,75.69,3736.55,0,1,0,1,1
2,113.07,212.23,1,1,0,0,1
56,23.62,1292.39,1,4,0,0,1
3,82.15,230.85,1,2,0,0,1
15,65.77,886.82,1,1,0,0,1
44,22.03,958.83,0,1,0,0,0
68,44.95,2955.41,0,0,0,0,1
29,31.85,881.04,0,2,0,1,0
8,41.68,320.4,0,0,0,1,1
17,47.46,721.6,0,0,0,1,0
65,60.13,3854.07,0,3,1,0,0
53,72.9,3583.58,1,3,0,1,0
7,20.1,129.82,0,2,0,0,0
28,36.19,891.67,0,0,0,0,1
19,29.36,540.75,1,0,0,0,0
12,74.97,873.13,0,2,0,1,1
61,52.91,2963.05,2,0,0,1,0
45,74.84,3441.79,2,3,1,0,1
13,42.18,558.81,2,4,0,1,1
47,22.42,918.66,0,2,1,1,1
30,114.14,3386.56,0,2,0,0,0
4,30.83,114.54,1,2,0,1,0
32,32.69,1098.32,1,2,0,0,0
13,34.65,403.15,1,0,0,0,1
17,118.13,1819.65,0,3,1,1,1
64,81.77,4911.02,0,2,0,0,1
51,81.03,3734.75,0,2,0,1,1
9,118.67,1055.64,0,0,0,0,1
62,28.84,1691.85,0,0,1,1,0
41,117.45,4305.86,2,1,0,1,0
63,40.4,2421.18,0,2,0,1,0
54,82.31,4568.12,1,0,0,1,0
24,62.01,1500.86,2,1,0,1,0
39,58.4,2163.19,0,1,0,0,1
38,113.12,3901.8,0,1,0,0,1
52,34.92,1608.79,1,0,1,1,0
18,119.71,2210.11,0,1,0,0,1
24,57.91,1378.77,0,1,0,0,0
17,84.88,1391.64,2,2,0,1,1
21,116.79,2516.08,1,1,0,0,1
11,25.76,247.75,2,1,0,0,0
2,112.29,221.55,2,1,1,1,0
68,76.78,4664.18,0,3,0,1,1
5,90.44,395.28,1,3,0,1,1
64,34.92,2107.76,1,0,1,0,1
0,73.34,0.0,1,1,0,0,0
56,87.35,5078.63,1,2,0,1,0
23,65.62,1380.66,1,3,0,0,1
37,35.5,1330.55,2,0,0,1,1
20,44.41,887.99,0,5,0,0,1
35,105.44,3629.82,1,2,0,0,0
32,23.45,775.97,0,0,0,0,1
38,90.89,3217.53,1,2,0,0,1
28,119.94,3116.3,1,3,1,0,0
39,20.75,713.91,1,1,0,1,0
60,36.1,1960.56,0,1,1,1,1
31,87.41,2780.04,0,0,0,0,1
26,26.0,638.74,0,0,1,1,1
9,78.98,652.73,0,2,0,0,1
26,88.4,2052.98,0,4,1,0,1
9,78.81,671.69,2,4,0,1,1
13,56.52,729.86,0,2,0,1,1
69,89.73,5617.67,2,0,0,1,0
6,79.43,477.32,0,0,0,0,1
35,40.76,1392.3,1,0,0,0,0
60,76.31,4613.0,1,1,1,1,0
69,108.19,6719.96,1,1,0,1,0
10,86.68,846.18,1,1,1,1,0
11,67.18,650.85,1,2,0,1,0
27,52.16,1299.54,2,5,1,0,1
40,28.59,1137.74,1,2,1,1,0
70,44.46,3038.55,0,0,0,1,1
15,21.12,281.18,0,0,0,0,0
12,118.66,1454.77,1,2,0,0,1
18,42.25,654.54,0,1,0,1,1
63,101.49,6195.94,0,1,0,0,0
2,36.86,77.17,1,0,0,1,0
27,48.36,1248.66,0,3,0,1,1
8,61.83,499.65,1,2,0,0,1
11,52.44,558.98,1,1,0,1,1
66,99.84,6633.05,1,1,0,1,0
0,115.77,0.0,1,1,0,0,1
23,107.53,2444.07,2,2,1,1,0
66,35.36,2090.03,1,0,1,0,0
44,97.67,4290.45,2,1,1,1,0
5,34.79,156.13,0,2,0,0,1
33,111.34,3843.7,1,1,0,0,1
70,71.79,4500.44,1,1,0,1,0
29,53.64,1395.86,0,3,0,0,1
38,35.7,1386.09,0,4,1,0,0
38,21.18,723.23,1,5,0,0,0
48,44.79,1982.61,0,4,0,1,1
13,111.4,1437.96,2,1,1,1,0
61,99.73,5364.15,0,4,0,0,0
72,116.98,7427.13,0,0,0,0,1
10,30.08,284.94,1,5,0,0,1
59,79.22,4200.69,0,2,0,1,1
59,45.72,2419.99,0,1,0,0,0
54,74.29,3417.32,1,0,0,1,0
27,52.05,1298.67,0,1,0,0,1
34,48.35,1501.95,0,2,0,1,0
61,77.38,4041.57,1,2,0,1,0
11,38.33,410.77,1,4,0,0,1
60,66.91,3915.56,1,1,0,1,1
67,85.08,4926.02,0,1,0,0,0
49,32.82,1468.92,0,1,0,1,0
24,113.06,2780.09,2,1,0,0,0
40,70.57,2728.05,1,1,0,0,0
3,101.95,285.17,0,1,0,0,1
68,85.39,5475.67,2,1,0,0,0
24,91.0,1947.38,0,2,0,1,1
4,91.61,370.98,1,1,1,1,1
57,107.51,6329.08,1,1,1,0,1
48,81.36,4030.77,2,2,1,1,0
45,47.82,1925.49,2,1,0,1,0
3,29.95,81.96,0,0,1,0,1
54,80.63,3840.79,1,1,0,0,0
46,26.64,1116.92,0,0,0,1,0
57,44.13,2305.53,1,3,1,0,1
60,26.07,1527.63,1,2,0,1,0
15,74.89,997.46,0,1,0,0,1
15,36.03,558.76,0,2,0,0,0
67,81.04,4727.19,0,1,0,1,1
38,99.09,3205.79,0,0,0,1,0
31,102.19,3234.38,0,1,0,1,1
20,50.95,1009.58,2,1,0,0,0
46,74.9,3173.46,0,4,0,1,1
55,76.3,4066.83,1,1,0,1,0
0,67.29,0.0,2,1,0,1,1
40,85.51,3022.53,1,3,0,1,0
72,41.01,2788.05,0,1,0,1,0
20,117.92,2171.23,2,1,0,1,1
20,29.81,580.13,1,3,0,1,0
